id;rut;nombre;sexo;edad;clasificacion
0;15286948-7;Corban Stacey;hombre;31;repartidor
1;13993032-0;Summer Clements;hombre;29;repartidor
2;10348170-8;Sia Begum;mujer;27;repartidor
3;46088353-9;Rochelle Cain;hombre;27;repartidor
4;20180335-7;Ollie Morrow;hombre;27;repartidor
5;37630974-6;Frederic Brooks;mujer;44;ti
6;66540267-3;Aadam Dunlop;hombre;30;repartidor
7;45631604-2;Jareth Castillo;mujer;52;ti
8;80885102-4;Alesha Roth;hombre;19;repartidor
9;22587614-2;Khia Kline;mujer;22;repartidor
10;29728267-0;Clayton Golden;mujer;27;administracion
11;79029236-7;Toni Morris;hombre;25;repartidor
12;95435510-1;Rahul Horne;mujer;20;repartidor
13;61662429-6;Wyatt Stephens;mujer;33;vendedor
14;92931585-5;Dulcie Kearns;hombre;29;repartidor
15;55994808-k;Imogen Wills;hombre;22;repartidor
16;63688364-6;Marianne Mays;mujer;47;asistente de aseo
17;95185947-8;Florrie Pacheco;hombre;29;vendedor
18;84964932-9;Jaidon Gay;mujer;36;repartidor
19;54106148-7;Clay Huynh;mujer;18;vendedor
20;56781936-1;Alisa Carpenter;hombre;39;repartidor
21;99116865-6;Darcie-Mae Hutton;hombre;37;repartidor
22;54178021-1;Tyrese Bishop;mujer;29;administracion
23;68035652-1;Nyah Croft;mujer;20;repartidor
24;83131309-9;Evie-Grace Hayden;hombre;39;repartidor
25;57078757-8;Katie Yoder;hombre;34;repartidor
26;78166652-1;Ottilie Campos;mujer;28;repartidor
27;32359787-1;Jasper Harvey;mujer;54;vendedor
28;12460058-8;Gabija Norton;hombre;19;repartidor
29;85594953-9;Alexandra Naylor;mujer;19;repartidor
30;35776394-0;Francis Luna;mujer;46;ti
31;44171043-7;Mahi Vargas;hombre;28;administracion
32;24945173-8;Jonny Cortes;mujer;25;repartidor
33;14377401-5;Ari Tomlinson;hombre;24;repartidor
34;54801563-4;Cem Buckley;hombre;30;repartidor
35;61514910-1;Roisin Contreras;mujer;22;administracion
36;77020926-9;Uma Morales;mujer;19;repartidor
37;21924647-1;Shamima Wormald;mujer;19;repartidor
38;58000701-5;Eleasha Craig;hombre;24;repartidor
39;76160177-6;Caitlyn Mckenzie;mujer;28;repartidor
40;38317707-3;Romilly Heath;hombre;26;repartidor
41;59089616-0;Jordi Thorne;mujer;57;asistente de aseo
42;94123958-7;Malaki Wiggins;hombre;22;repartidor
43;85394005-4;Adela Cordova;hombre;21;repartidor
44;33298524-8;Alys Schwartz;mujer;36;repartidor
45;40588157-8;Jill Baker;hombre;57;ti
46;62820832-8;Jad Mercer;mujer;20;administracion
47;61995722-9;Darla Childs;hombre;21;administracion
48;60211995-5;Manav Hampton;hombre;34;ti
49;51667797-k;Vijay Palacios;mujer;20;repartidor
50;74357811-2;Laith Paul;mujer;49;asistente de aseo
51;76356563-7;Samirah O'Brien;mujer;38;repartidor
52;99837067-1;Charlie Rahman;mujer;22;repartidor
53;28060713-4;Eoin Sosa;hombre;29;repartidor
54;15614052-k;Teddie Leal;mujer;34;asistente de aseo
55;83917354-7;Dillon Reeves;mujer;34;repartidor
56;27852199-0;Alasdair Lucas;hombre;56;vendedor
57;74895468-6;Sabah Skinner;hombre;46;vendedor
58;81559564-5;Harriett Castillo;mujer;24;repartidor
59;63459997-5;Macauley Davison;mujer;32;repartidor
60;45717384-9;Reginald Tanner;mujer;36;ti
61;55012555-2;Kacy Stubbs;hombre;28;repartidor
62;22274441-5;Timothy Senior;mujer;29;asistente de aseo
63;33090056-3;Annabelle Stephens;hombre;35;repartidor
64;25342278-5;Codie Sampson;mujer;24;administracion
65;60574488-5;Quinn Munro;mujer;29;repartidor
66;65855526-k;Ethel Colon;hombre;50;asistente de aseo
67;55326528-2;Haley Bonilla;hombre;19;repartidor
68;31690607-9;Afsana Roth;hombre;21;asistente de aseo
69;13938471-7;Loki Snyder;mujer;45;administracion
70;12957899-8;Milena Bright;hombre;37;vendedor
71;33572631-6;Oliwia Livingston;mujer;27;repartidor
72;34966889-0;Anne Bray;mujer;27;repartidor
73;47377094-6;Alexandria Garrison;hombre;30;repartidor
74;46187096-1;Awais Berger;mujer;39;vendedor
75;26635765-6;Braiden Hoover;hombre;28;repartidor
76;79446327-1;Charlene Chester;hombre;38;administracion
77;18969557-8;Simone Akhtar;hombre;53;administracion
78;21840388-3;Andrea Chen;hombre;51;ti
79;69265725-k;Yisroel O'Neill;mujer;19;repartidor
80;47673879-2;Arwen Flores;hombre;34;ti
81;33461543-k;Kimora Ridley;mujer;28;administracion
82;38717290-4;Jayden-James Mckay;mujer;25;repartidor
83;69705129-5;Jeff Lane;hombre;21;vendedor
84;53234460-3;Mary Manning;mujer;26;repartidor
85;58593290-6;Hermione Ventura;hombre;27;repartidor
86;44100123-1;Nataniel Miller;mujer;22;repartidor
87;43776217-1;Agnes Singleton;mujer;34;asistente de aseo
88;59445067-1;Florrie Drew;hombre;55;administracion
89;70851011-4;Grace O'Moore;mujer;39;repartidor
90;77941465-5;Julia Moses;hombre;39;vendedor
91;53511335-1;Keith Mccall;mujer;40;repartidor
92;60517573-2;Caprice Davies;hombre;22;administracion
93;53747213-8;Tiffany May;mujer;21;repartidor
94;46491043-3;Herbert Hawes;mujer;19;vendedor
95;73543707-0;Kelise Fraser;mujer;19;repartidor
96;79861684-6;Lacy Simon;hombre;23;repartidor
97;61786224-7;Marianna Barry;hombre;21;repartidor
98;38405094-8;Shay Glass;mujer;45;vendedor
99;70733075-9;Nathanael Carlson;hombre;24;repartidor
100;89200986-4;Campbell Vazquez;hombre;36;repartidor
101;71962392-1;Fariha Barnard;hombre;20;repartidor
102;53329659-9;Subhan Pearce;hombre;22;repartidor
103;78156640-3;Petra Sharp;hombre;24;repartidor
104;69760987-3;Olivia-Mae Carey;mujer;24;repartidor
105;79625227-8;Noah Avalos;mujer;31;ti
106;95777850-k;Ira Houston;mujer;26;repartidor
107;34352032-8;Mcauley Robles;mujer;48;ti
108;58748811-6;Stanley Soto;mujer;26;vendedor
109;96213302-9;Geoffrey Ellis;hombre;20;repartidor
110;78918085-7;Aviana Nairn;hombre;37;repartidor
111;62832139-6;Anaya Rice;hombre;52;asistente de aseo
112;11091024-k;Teddy Henderson;hombre;51;ti
113;29676675-5;Naya Melia;mujer;59;administracion
114;89793517-1;Lorraine Maxwell;hombre;20;repartidor
115;25198755-6;Ivie Perez;hombre;30;repartidor
116;80588097-k;Riccardo Hamilton;mujer;19;repartidor
117;29989393-6;Tyrique Healy;mujer;22;ti
118;30224213-5;Jonathan Turner;mujer;40;repartidor
119;79344858-9;Tierney Mackay;hombre;34;repartidor
120;84729190-7;Corrie Kirkpatrick;hombre;29;repartidor
121;97632703-9;Kimberly Mason;hombre;20;vendedor
122;44770429-3;Darragh Foreman;mujer;21;repartidor
123;63421928-5;Nel Carson;hombre;39;repartidor
124;31459690-0;Zayne Crane;hombre;29;repartidor
125;13904984-5;Lilli Leech;mujer;31;repartidor
126;34183638-7;Adnaan Rowley;hombre;26;repartidor
127;51827744-8;Sian Montgomery;mujer;26;repartidor
128;58496906-7;Arham Johnson;hombre;26;repartidor
129;93066103-1;Josh Fry;mujer;23;repartidor
130;82833215-5;Marwah Wiggins;hombre;40;repartidor
131;60747994-1;John-James Burton;hombre;22;repartidor
132;87772349-6;Kohen Tait;hombre;31;repartidor
133;59444986-k;Adrian Fitzgerald;hombre;27;repartidor
134;34882918-1;Tevin Walter;mujer;46;asistente de aseo
135;49166815-6;Mila Rhodes;hombre;58;vendedor
136;90594532-7;Alix Thatcher;mujer;30;repartidor
137;89025372-5;Judith Stott;mujer;22;repartidor
138;30854312-9;Nabila Byers;mujer;25;vendedor
139;60987426-0;Verity Murray;hombre;47;administracion
140;41704207-5;Talia Ellwood;mujer;26;repartidor
141;15460166-k;Nicky O'Brien;mujer;20;repartidor
142;96863860-2;Jamie-Lee Cook;hombre;35;repartidor
143;11554909-k;Casper Pruitt;mujer;47;asistente de aseo
144;83118985-1;Millie-Rose Frost;hombre;27;repartidor
145;46962859-0;Ignacy Leblanc;hombre;34;repartidor
146;71075215-k;Marcelina Lowery;hombre;30;repartidor
147;91059844-9;Nyla Paul;mujer;42;vendedor
148;93207016-2;Rhianna Gilliam;hombre;24;repartidor
149;53171533-0;Courtney O'Sullivan;mujer;38;repartidor
150;32628385-1;Rebeca Park;hombre;41;vendedor
151;93840785-1;Lola-Mae Kay;hombre;23;repartidor
152;25368817-3;Makayla Crowther;mujer;20;asistente de aseo
153;25750021-7;Faiz Edmonds;hombre;35;repartidor
154;79758989-6;Cadi Stokes;hombre;29;repartidor
155;99748016-3;Jibril Davie;hombre;32;administracion
156;53038300-8;Jasper Hicks;mujer;19;repartidor
157;87634133-6;Kara Rivas;hombre;25;repartidor
158;81955785-3;Amanpreet Mata;hombre;39;repartidor
159;18076157-8;Patryk Vang;hombre;26;repartidor
160;14811794-2;Siyana Krueger;hombre;19;repartidor
161;45589350-k;Hailie Kirkpatrick;mujer;34;repartidor
162;22479749-4;Amelia-Rose Nguyen;hombre;45;administracion
163;80843691-4;Callie Collier;hombre;29;ti
164;28738037-2;Owain Rollins;hombre;46;vendedor
165;90471139-k;Abubakar Bowler;mujer;27;repartidor
166;20032612-1;Jean Cullen;hombre;54;administracion
167;44060880-9;Edward Truong;mujer;27;repartidor
168;44604413-3;Christie Zavala;mujer;29;repartidor
169;48161908-4;Annaliese Rosa;hombre;25;repartidor
170;10669832-5;Bridget Mckee;hombre;56;vendedor
171;22532060-8;Kofi Mcdermott;hombre;37;administracion
172;10619372-k;Arla Hinton;mujer;21;repartidor
173;34846808-1;Sophia Ryan;hombre;28;repartidor
174;93009498-6;Subhaan Corbett;hombre;20;repartidor
175;17459269-1;Mared Pineda;hombre;60;administracion
176;48433213-4;Danica Hutchings;mujer;23;asistente de aseo
177;85884715-k;Abbas Gonzales;hombre;39;repartidor
178;83386046-1;Scarlet Banks;mujer;28;repartidor
179;41740767-7;Suhayb Frame;mujer;27;repartidor
180;35785969-7;Imaad Knox;mujer;49;ti
181;78479752-k;Carys Conrad;hombre;31;repartidor
182;60854678-2;Heena Valenzuela;mujer;55;administracion
183;86367440-9;Reyansh Mccormick;mujer;29;repartidor
184;44749202-4;Shahzaib Bellamy;mujer;31;repartidor
185;51093069-k;Ihsan Kelley;hombre;30;repartidor
186;23970806-4;Tyrell Clay;hombre;47;ti
187;15373219-1;Kathryn Whiteley;mujer;32;repartidor
188;30680313-1;Chase Horner;hombre;23;repartidor
189;80282829-2;Oliver Fitzpatrick;hombre;25;repartidor
190;23648509-9;Angus Fleming;hombre;29;administracion
191;72157153-k;Naeem Sharpe;hombre;29;repartidor
192;57728317-6;Javan Wiley;hombre;21;repartidor
193;58303600-8;Sienna Neale;hombre;22;ti
194;64651214-k;Korben Hurley;hombre;21;repartidor
195;23819538-1;Julie Hart;hombre;48;vendedor
196;41226633-1;Rafael Cisneros;hombre;34;repartidor
197;86164302-6;Adela Tillman;hombre;45;ti
198;32211035-9;Justine Black;mujer;25;repartidor
199;52247620-k;Adam Grant;mujer;29;repartidor
200;46787382-2;Alana Rahman;hombre;22;repartidor
201;70116705-8;Rehaan Dunlop;mujer;25;vendedor
202;30928102-0;Dane Sharma;mujer;42;ti
203;33466037-0;Nakita Meza;mujer;52;ti
204;63483183-5;Daria Ellison;hombre;49;vendedor
205;34012878-8;Ilyas Puckett;mujer;28;repartidor
206;62425949-1;Raees Livingston;mujer;27;repartidor
207;33199896-6;Kien Christensen;hombre;28;repartidor
208;88697741-7;Kiran Hanna;mujer;36;vendedor
209;67414624-8;Krista Head;mujer;33;ti
210;37220030-8;Cleo Aguilar;hombre;20;repartidor
211;85122660-5;Conrad Buchanan;mujer;36;vendedor
212;56485501-4;Arif Thorne;mujer;33;asistente de aseo
213;31793868-3;Sonya Smart;mujer;27;repartidor
214;48176712-1;Milly Olson;mujer;25;repartidor
215;77214559-4;Adyan Wicks;hombre;52;asistente de aseo
216;62196038-5;Danyl Boyer;mujer;29;repartidor
217;20034783-8;Steven Hills;mujer;37;repartidor
218;92898031-6;Fred Salter;mujer;31;asistente de aseo
219;97675067-5;Taine Ireland;mujer;34;repartidor
220;69251591-9;Bella-Rose Cox;mujer;25;repartidor
221;45385992-4;Lillia Hartman;mujer;24;repartidor
222;11544489-1;Ellenor Lara;mujer;35;repartidor
223;58844715-4;Jorgie Power;mujer;23;ti
224;75903526-7;Donna Montes;mujer;27;repartidor
225;80698616-k;Mai Regan;hombre;35;asistente de aseo
226;40127235-6;Abdur Heath;mujer;41;ti
227;53609901-8;Freya Gross;hombre;24;repartidor
228;63974341-1;Elspeth Rice;mujer;36;repartidor
229;51433500-1;Christopher Macleod;hombre;51;vendedor
230;12815044-7;Bernard Wells;hombre;37;repartidor
231;58976828-0;Myles Nash;hombre;52;ti
232;42678415-7;Alyce Kirkpatrick;mujer;33;repartidor
233;63936216-7;Brandi Conroy;mujer;19;repartidor
234;71162268-3;Lester Contreras;mujer;51;ti
235;66478458-0;Aria Massey;mujer;26;repartidor
236;49718772-9;Maxime Haigh;mujer;20;repartidor
237;82319208-8;Madeleine Henson;mujer;21;vendedor
238;13690129-k;Arslan Horton;hombre;39;repartidor
239;69135613-2;Jobe Hopper;hombre;31;repartidor
240;57133149-7;Caius Ball;mujer;22;repartidor
241;89265324-0;Naima Perez;hombre;40;ti
242;11077126-6;Sulaiman Martin;hombre;40;repartidor
243;21823347-3;Thalia Scott;mujer;36;repartidor
244;37981852-8;Natalya Morgan;hombre;34;administracion
245;26100581-6;Andrew Santos;hombre;24;repartidor
246;73557956-8;Cora Becker;mujer;27;repartidor
247;26617374-1;Allana Jarvis;hombre;37;repartidor
248;33911863-9;Scarlett Cassidy;hombre;23;repartidor
249;53783913-9;Kyle Aguirre;hombre;30;vendedor
250;43173481-8;David Beach;mujer;28;repartidor
251;80600254-2;Mehak Dawson;mujer;23;repartidor
252;45751112-4;Finnian Waller;hombre;18;administracion
253;22027409-8;Rupert Ahmed;hombre;27;repartidor
254;56944351-2;Kelly Keenan;hombre;32;repartidor
255;11798235-1;Gage Stafford;hombre;59;ti
256;41091494-8;Yahya York;hombre;21;ti
257;69777560-9;Tyreece Cohen;hombre;35;repartidor
258;89861491-3;Tanisha Allen;mujer;31;repartidor
259;10254486-2;Amie Fuller;mujer;27;repartidor
260;12166206-k;Anam Mcarthur;hombre;44;ti
261;11557739-5;Georga Duffy;mujer;47;asistente de aseo
262;88732812-9;Dante Nava;mujer;20;repartidor
263;54475883-7;Santino Robson;mujer;23;asistente de aseo
264;42162871-8;Roan Stubbs;mujer;34;repartidor
265;62036438-k;Albert Irvine;hombre;22;repartidor
266;86819507-k;Warwick Webber;mujer;34;repartidor
267;61774912-2;Uzma Burris;mujer;28;repartidor
268;12412672-k;Tyreke Gilmore;mujer;37;repartidor
269;64063874-5;Kaylan Huff;hombre;29;repartidor
270;50511840-5;Gene Melton;hombre;28;repartidor
271;70012917-9;Alistair Sanford;mujer;59;vendedor
272;87859472-k;Libbie Camacho;mujer;59;asistente de aseo
273;16836029-0;Dania Love;hombre;24;repartidor
274;68903163-3;Abbi Millington;hombre;24;repartidor
275;50022661-7;Ritchie Rose;hombre;35;repartidor
276;24796080-5;Cooper Draper;hombre;21;repartidor
277;51193594-6;Avani Phan;mujer;39;repartidor
278;30364676-0;Alexis Kearney;hombre;22;vendedor
279;82376572-k;Arnav Shannon;hombre;54;asistente de aseo
280;13068977-9;Evelina Dickerson;hombre;46;ti
281;12673702-5;Zayaan Paterson;mujer;28;repartidor
282;45400053-6;Alister Hills;hombre;20;repartidor
283;40644356-6;Kajal Short;hombre;20;repartidor
284;50321392-3;Trystan Wall;mujer;35;repartidor
285;67609462-8;Abubakr Benjamin;hombre;21;repartidor
286;83028620-9;Zackery Sheridan;mujer;29;repartidor
287;89077953-0;Izaan Byrd;mujer;30;repartidor
288;93550420-1;Billie Durham;hombre;29;repartidor
289;58366562-5;Lois Charlton;mujer;29;repartidor
290;47981838-k;Jade Thatcher;hombre;30;asistente de aseo
291;73178495-7;Nafisa Foster;mujer;25;repartidor
292;29950437-9;Cleo Goodwin;hombre;49;ti
293;14240870-8;Austin Riddle;hombre;24;vendedor
294;59150917-9;Ines Fountain;hombre;34;ti
295;60158787-4;Keeva Allan;hombre;37;administracion
296;33802463-0;Shelby Holder;mujer;29;repartidor
297;20672410-2;Lara Mcmahon;mujer;44;ti
298;75295314-7;Josie Ibarra;mujer;26;repartidor
299;79687907-6;Effie Washington;hombre;22;repartidor
300;70368495-5;Humairaa Knights;mujer;39;repartidor
301;42679613-9;Hina Oneal;hombre;18;administracion
302;34603233-2;Rayan Mccray;hombre;24;repartidor
303;17286061-3;Kory Hays;mujer;29;asistente de aseo
304;11453035-2;Kerri Herbert;mujer;20;repartidor
305;58963604-k;Ranveer Cope;mujer;23;administracion
306;82903113-2;Trey Evans;hombre;38;repartidor
307;85778387-5;Aran Osborn;mujer;57;vendedor
308;88104231-2;Arfa Crouch;mujer;54;asistente de aseo
309;44840159-6;Harriette Hubbard;mujer;32;repartidor
310;33874298-3;Annabelle Hester;mujer;41;vendedor
311;22937366-8;Jevan Martins;mujer;25;repartidor
312;18902520-3;Gregg Douglas;mujer;55;ti
313;22412109-1;Caspian Potts;hombre;23;repartidor
314;68155764-4;Bryony Henry;hombre;27;repartidor
315;22169359-0;Finnley Orr;hombre;20;repartidor
316;22913410-8;Cayson Branch;mujer;26;repartidor
317;97538963-4;Rhonda Reeve;hombre;26;repartidor
318;41266992-4;Martina Betts;mujer;30;repartidor
319;78459862-4;Kinga Redmond;hombre;22;ti
320;26113418-7;Henri Barrett;hombre;40;administracion
321;63699218-6;Izabella Bate;mujer;19;repartidor
322;86339917-3;Elleanor Kane;mujer;23;vendedor
323;35480818-8;Heath Cruz;mujer;30;repartidor
324;70841109-4;Isabella-Rose Patrick;hombre;22;repartidor
325;81203114-7;Ava Gilbert;mujer;21;asistente de aseo
326;38072383-2;Haris Humphreys;hombre;28;asistente de aseo
327;36692442-6;Darsh Macias;mujer;20;repartidor
328;82429778-9;Alexandra Barrera;hombre;22;repartidor
329;19150492-5;Zubair Benjamin;mujer;29;repartidor
330;22150901-3;Gerrard Ho;mujer;47;vendedor
331;86083776-5;Cerys Clarkson;hombre;34;repartidor
332;56093204-9;Callan Lowe;mujer;26;repartidor
333;66169613-3;Maddox Moon;hombre;35;repartidor
334;20820475-0;Zaine Trujillo;hombre;19;repartidor
335;40597717-6;Jardel Keith;hombre;25;repartidor
336;54451953-0;Fred Sharples;mujer;20;repartidor
337;83640016-k;Catriona Cresswell;mujer;36;vendedor
338;77354291-0;Mysha Firth;hombre;22;ti
339;64043694-8;Thea Stephens;mujer;37;repartidor
340;93433032-3;Aleena Maguire;mujer;32;repartidor
341;36706688-1;Evie-Grace Middleton;mujer;47;ti
342;26475026-1;Adrienne Lamb;mujer;25;repartidor
343;15369176-2;Bridie Stanley;hombre;51;ti
344;33006349-1;Taybah Best;mujer;28;repartidor
345;77785207-8;Enid Flower;hombre;31;repartidor
346;57792927-0;Edmund Whelan;mujer;23;repartidor
347;19142189-2;Carrie-Ann Dickson;mujer;20;repartidor
348;27143992-k;Sara Horn;mujer;33;asistente de aseo
349;19410523-1;Reiss Lutz;hombre;29;asistente de aseo
350;21672114-4;Oran Valdez;hombre;31;repartidor
351;99463426-7;Summer-Louise Strong;hombre;30;repartidor
352;44372095-2;Rhydian Keeling;mujer;22;asistente de aseo
353;80228379-2;Aisling Chaney;mujer;25;repartidor
354;21330792-4;Lulu Sexton;hombre;36;repartidor
355;37184049-4;Elliot Pacheco;mujer;20;repartidor
356;13592940-9;Cem Moss;mujer;32;repartidor
357;36205098-7;Zeshan Mcmillan;mujer;20;repartidor
358;96828461-4;Mahnoor Legge;hombre;31;repartidor
359;17159919-9;Nina Holding;mujer;36;asistente de aseo
360;44822766-9;Hiba Clemons;hombre;43;asistente de aseo
361;61892040-2;Kasim Brooks;mujer;25;repartidor
362;60031280-4;Nakita Kelly;mujer;36;repartidor
363;20600805-9;Hughie Storey;hombre;25;repartidor
364;90739234-1;Keanan Cordova;mujer;33;vendedor
365;59137080-4;Hailie Robertson;mujer;29;repartidor
366;43329730-k;Lily-Rose Wharton;mujer;29;repartidor
367;42354523-2;Presley Mcgowan;hombre;28;repartidor
368;91461351-5;Alister Hartman;mujer;28;repartidor
369;69167855-5;Iris Fowler;mujer;21;repartidor
370;81560843-7;Kailum Caldwell;mujer;52;ti
371;72856019-3;Mila-Rose Ramsey;mujer;27;repartidor
372;35656775-7;Julien Sloan;mujer;20;repartidor
373;22566169-3;Yisroel Wheatley;mujer;59;vendedor
374;76563311-7;Tyler-Jay Forster;mujer;35;ti
375;22001298-0;Justine Wood;mujer;31;repartidor
376;87548946-1;Rianne Coleman;mujer;22;repartidor
377;22977216-3;Demi-Leigh Byrd;hombre;33;repartidor
378;28353821-4;Eleanor Charlton;hombre;34;repartidor
379;54570173-1;Indigo Liu;mujer;20;repartidor
380;37742604-5;Gavin Jeffery;mujer;23;repartidor
381;71518049-9;Kiera Mccallum;hombre;30;repartidor
382;66398573-6;Nimrah Lowery;mujer;32;repartidor
383;16315937-6;Nichole Savage;hombre;26;repartidor
384;14885951-5;Ellie-Mai Hutton;mujer;26;repartidor
385;30775222-0;Arfa Boyer;mujer;20;repartidor
386;75910499-4;Jacques Carter;mujer;41;administracion
387;85055980-5;Georga Salinas;mujer;51;ti
388;50536630-1;Sylvia Mcfarland;hombre;27;repartidor
389;54122700-8;Samad Neville;mujer;19;repartidor
390;72429091-4;Collette Munro;mujer;19;repartidor
391;75281837-1;Bryce Watt;mujer;25;repartidor
392;32750103-8;Theo Davenport;hombre;39;repartidor
393;56350683-0;Melisa Travis;mujer;34;repartidor
394;10619776-8;Dalia Jefferson;mujer;23;repartidor
395;64269343-3;Johnny Perry;mujer;40;repartidor
396;77366538-9;Gina Cortes;mujer;32;repartidor
397;21875469-4;Margo Stuart;mujer;26;repartidor
398;14002078-8;Gracie-May Patton;hombre;28;repartidor
399;37608219-9;Bree Cleveland;mujer;30;repartidor
400;83330704-5;Clarke Mcloughlin;hombre;40;repartidor
401;57931953-4;Sheila Gilmore;hombre;51;asistente de aseo
402;63382431-2;Bea Mcnally;mujer;26;repartidor
403;98296705-8;Cyrus Fountain;mujer;40;repartidor
404;59495529-3;Lacey Thatcher;hombre;38;repartidor
405;38235761-2;Laith Zimmerman;mujer;22;asistente de aseo
406;65731455-2;Teodor Lim;hombre;31;vendedor
407;38470405-0;Sherri Kearns;mujer;22;repartidor
408;20789297-1;Maiya Villa;mujer;48;vendedor
409;53456223-3;Mack Wallis;mujer;28;repartidor
410;80508950-4;Clodagh Greenaway;mujer;26;repartidor
411;94864113-5;Carter Richards;hombre;21;repartidor
412;36432728-5;Robyn Riddle;mujer;39;repartidor
413;25497638-5;Erika Greene;mujer;49;ti
414;48459253-5;Omari Fuller;hombre;27;repartidor
415;17070747-8;Lewis Mcleod;hombre;27;repartidor
416;13890944-1;Elliott Irwin;hombre;37;repartidor
417;82993651-8;Madeleine Stokes;mujer;32;vendedor
418;44380500-1;Vikki Partridge;mujer;19;administracion
419;50319391-4;Arianna Vazquez;mujer;57;asistente de aseo
420;81602032-8;Campbell Shepherd;hombre;51;vendedor
421;91888493-9;Carley Dixon;mujer;27;repartidor
422;81234956-2;Elizabeth Hopper;hombre;38;repartidor
423;53383454-k;Reya Bruce;mujer;29;repartidor
424;48996426-0;Karter Swan;hombre;37;repartidor
425;99937169-8;Hettie Sweeney;hombre;29;repartidor
426;37839960-2;Sienna Weaver;hombre;49;ti
427;31845287-3;Evelyn Duran;hombre;51;vendedor
428;15451762-6;Ava-Mai Spooner;mujer;40;vendedor
429;93635199-9;Amanah Mckay;hombre;28;repartidor
430;73833231-8;Alanis Clark;mujer;26;repartidor
431;46188032-0;Anish Coleman;hombre;23;asistente de aseo
432;97404549-4;Elle Lindsay;hombre;38;repartidor
433;46033111-0;Brandon Rodrigues;mujer;55;vendedor
434;83029887-8;Allison Costa;mujer;38;administracion
435;37376941-k;Anis Cohen;hombre;38;repartidor
436;18165501-1;Beauden Gilmour;hombre;40;repartidor
437;83635222-k;Jannat O'Moore;hombre;26;repartidor
438;95759065-9;Aanya Foster;hombre;31;ti
439;25327705-k;Mylah Long;mujer;50;administracion
440;82693313-5;Kayden Delarosa;hombre;34;asistente de aseo
441;56474633-9;Fahad Travers;hombre;24;repartidor
442;84911278-3;Samiya Hardin;mujer;30;repartidor
443;64501886-9;Jake Hatfield;hombre;19;ti
444;20467855-3;Joseff Peters;hombre;20;repartidor
445;76396643-7;Maisey Alexander;hombre;19;repartidor
446;41545483-k;Lucy Dunlap;hombre;36;repartidor
447;54593722-0;Nathaniel Mcgill;hombre;54;asistente de aseo
448;74269105-5;Layton Sparks;mujer;22;repartidor
449;16689945-1;Jiya Irvine;hombre;20;vendedor
450;92951996-5;Dylan Nicholls;hombre;41;vendedor
451;71180222-3;Sameera Robson;hombre;30;asistente de aseo
452;66185512-6;Kaeden Frazier;hombre;39;repartidor
453;54245196-3;Artur Stokes;mujer;30;asistente de aseo
454;52650167-5;Patrik Dodson;mujer;45;asistente de aseo
455;31194216-6;Marnie Macfarlane;mujer;19;repartidor
456;75981648-k;Daphne Mccallum;hombre;25;repartidor
457;67314332-6;Luther Simon;mujer;21;administracion
458;79308193-6;Hasan Harrison;hombre;40;repartidor
459;49628420-8;Taiba Richmond;mujer;23;repartidor
460;26135720-8;Olivia-Mae Hicks;hombre;32;repartidor
461;28370900-0;Kurt Sutton;hombre;52;vendedor
462;32219010-7;Reanne Cooke;mujer;21;repartidor
463;14408869-7;Haleemah Baxter;mujer;25;repartidor
464;27183294-k;Codie Galloway;hombre;19;repartidor
465;26249833-6;Lance Weber;mujer;26;repartidor
466;35115737-2;Cai Mcneil;mujer;22;repartidor
467;38578737-5;Cally Hopper;mujer;30;repartidor
468;89213188-0;Sebastien Petersen;mujer;53;ti
469;34823992-9;Shane Kelly;mujer;43;asistente de aseo
470;59890575-4;Guto Benitez;mujer;21;repartidor
471;66284985-5;Anees Morse;mujer;36;administracion
472;93176945-6;Liyah Cooper;hombre;31;repartidor
473;34975310-3;Shahzaib Espinoza;mujer;50;ti
474;80558312-6;Suzanna Romero;hombre;22;repartidor
475;88408240-4;Matias Strickland;hombre;23;repartidor
476;68225683-4;Georgiana Yu;hombre;28;repartidor
477;29295221-k;Amritpal Whyte;mujer;22;repartidor
478;22760013-6;Lucien Watkins;mujer;36;repartidor
479;27003910-3;Carter Plummer;hombre;25;repartidor
480;93129167-k;Sabiha O'Quinn;mujer;60;vendedor
481;18067050-5;Tayyibah Mckinney;mujer;50;asistente de aseo
482;89118524-3;Jibril Hall;mujer;28;vendedor
483;71389826-0;Ahsan Flynn;hombre;28;repartidor
484;90007582-0;Jesus Small;hombre;20;repartidor
485;53281073-6;Denise Daniel;mujer;19;repartidor
486;96735305-1;Isabell Hogan;hombre;27;repartidor
487;57829633-6;Ivan Allison;hombre;23;repartidor
488;29803983-4;Melissa Ashley;hombre;30;repartidor
489;22783728-4;Natalya Thorpe;hombre;26;ti
490;20694588-5;Anisha Brady;mujer;39;repartidor
491;60038263-2;Zakariyah Williamson;mujer;24;asistente de aseo
492;72611524-9;Nayla Bates;mujer;55;ti
493;71796805-0;Aubree Marsden;mujer;31;repartidor
494;14309109-0;Pia Short;hombre;52;ti
495;60139069-8;Fatima Traynor;mujer;36;repartidor
496;30991735-9;Imran Senior;mujer;25;repartidor
497;80640357-1;Jose Farrell;hombre;34;repartidor
498;13370165-6;Montgomery Cornish;hombre;19;asistente de aseo
499;73418283-4;Kingsley Goddard;mujer;19;asistente de aseo
500;59060940-4;Chance Barlow;hombre;25;asistente de aseo
501;67170407-k;Chelsy Whitley;mujer;27;asistente de aseo
502;74500563-2;Alfie-James Moyer;hombre;36;repartidor
503;34776869-3;Izabelle Frey;mujer;27;repartidor
504;97754557-9;Bjorn Salazar;mujer;35;asistente de aseo
505;75328775-2;Ruby-Leigh Stevenson;hombre;19;repartidor
506;74361473-9;Theia Parkes;mujer;20;repartidor
507;43123228-6;Kian Branch;hombre;20;repartidor
508;99184175-k;Isla-Mae Calhoun;mujer;27;repartidor
509;12205074-2;Rodney Woodcock;hombre;31;repartidor
510;34996262-4;Derrick Fritz;mujer;52;asistente de aseo
511;88283175-2;Patience Waters;hombre;30;repartidor
512;35773199-2;Miruna Friedman;hombre;20;repartidor
513;94362008-3;Ralphy Phan;hombre;29;repartidor
514;70366259-5;Camron Chaney;hombre;39;repartidor
515;79922398-8;Iram Carroll;hombre;40;repartidor
516;85831418-6;Sallie Wolf;mujer;23;repartidor
517;99223381-8;Lilly-Grace Tucker;hombre;21;repartidor
518;37925650-3;Avneet Pennington;mujer;27;repartidor
519;62422623-2;Connor Weir;hombre;30;repartidor
520;67629255-1;Ainsley Read;mujer;26;repartidor
521;37117213-0;Jaheim William;hombre;32;repartidor
522;36600416-5;Suranne Byrd;hombre;46;asistente de aseo
523;96217495-7;Millie Nava;hombre;20;repartidor
524;18454632-9;Tom Palacios;hombre;21;repartidor
525;57041868-8;Muneeb Huff;mujer;34;repartidor
526;75129314-3;Ziva Langley;hombre;39;repartidor
527;81168161-k;April Peters;hombre;50;asistente de aseo
528;19533896-5;Akash Kendall;hombre;35;vendedor
529;25309713-2;Lily-Anne Barnes;hombre;54;asistente de aseo
530;59105378-7;Ayaan Bass;hombre;23;repartidor
531;83123905-0;Carter Bradshaw;hombre;35;repartidor
532;64268937-1;Zachary Marks;mujer;19;administracion
533;70202613-k;Ffion Allison;hombre;38;vendedor
534;34048567-k;Fynley Glenn;mujer;25;repartidor
535;14197251-0;Susie Crane;mujer;26;repartidor
536;17167867-6;Dionne Dowling;hombre;20;repartidor
537;95514882-7;Denzel Herrera;hombre;29;repartidor
538;48630167-8;Brandan Mcdougall;mujer;42;vendedor
539;54121962-5;Patryk Enriquez;hombre;30;repartidor
540;66199699-4;Massimo Needham;hombre;26;repartidor
541;65809271-5;Maleeha Rice;mujer;60;vendedor
542;49159506-k;Abdur-Rahman O'Reilly;mujer;22;repartidor
543;21878618-9;Joan Alvarado;hombre;26;repartidor
544;35806868-5;Asma Brook;mujer;32;administracion
545;96332059-0;Danyl James;mujer;31;administracion
546;29877385-6;Cecelia Bender;hombre;25;repartidor
547;97166191-7;Abdi Mccoy;hombre;24;administracion
548;81403585-9;Rhonda Carney;mujer;36;repartidor
549;97985609-1;Willis Herbert;mujer;18;ti
550;47591540-2;Bella-Rose Rivers;mujer;28;repartidor
551;67902197-4;Junayd Andersen;hombre;36;repartidor
552;85743167-7;Genevieve Booth;mujer;19;repartidor
553;63214464-4;Bridie Currie;mujer;35;repartidor
554;82270937-0;Samuel Sheridan;hombre;24;repartidor
555;80438756-0;Deen Smyth;hombre;21;repartidor
556;73561428-2;Petra Rigby;hombre;20;repartidor
557;89576450-7;Kacie Stevens;hombre;30;repartidor
558;45644100-9;Shanaya Hewitt;mujer;50;asistente de aseo
559;87371798-k;Kaiya Huerta;mujer;31;repartidor
560;43654491-k;Maiya Tierney;hombre;25;repartidor
561;14200344-9;Linzi Wong;mujer;29;repartidor
562;87094740-2;Amelia-Mae Malone;hombre;30;repartidor
563;66866166-1;Florence Lucero;hombre;23;repartidor
564;90601826-8;Sneha Hagan;mujer;19;repartidor
565;23494123-2;Trey Saunders;hombre;57;ti
566;20026905-5;Hester Jeffery;mujer;28;repartidor
567;11341475-8;Theodore Wilkes;hombre;28;repartidor
568;39006777-1;Manisha Mcloughlin;mujer;21;repartidor
569;65175008-3;Mason Ritter;hombre;24;administracion
570;45856781-6;Roseanne Nguyen;mujer;22;repartidor
571;22825105-4;Jana Byrd;hombre;37;vendedor
572;36918308-7;Orlaith Jones;hombre;30;administracion
573;26849996-2;Fahad Diaz;hombre;39;repartidor
574;41659296-9;Ivy-Rose Mcclure;mujer;25;repartidor
575;43538788-8;Ricardo Amin;mujer;26;repartidor
576;61127746-6;Alfie-Lee Pruitt;mujer;24;repartidor
577;91995839-1;Ariyah Mckeown;hombre;28;repartidor
578;41234355-7;Raife Cassidy;hombre;28;repartidor
579;31726652-9;Solomon Morton;hombre;27;repartidor
580;88726486-4;Amari Stubbs;hombre;24;asistente de aseo
581;95367461-0;Louie Swan;hombre;27;repartidor
582;20209505-4;Freddie Byrne;mujer;25;repartidor
583;44973013-5;Margaux Cleveland;hombre;56;administracion
584;84593882-2;Toby Petty;hombre;35;repartidor
585;58038177-4;Mariah Wyatt;hombre;27;vendedor
586;21630671-6;Kirstin Fry;mujer;23;repartidor
587;83605517-9;Toyah Wolfe;hombre;24;asistente de aseo
588;68147125-1;Lily-Mae O'Quinn;hombre;58;vendedor
589;54363208-2;Arissa Webb;hombre;49;vendedor
590;31359212-k;Leanne Weeks;hombre;30;repartidor
591;26541300-5;Mayson Nicholson;hombre;23;repartidor
592;54252672-6;Latoya Powers;hombre;22;repartidor
593;22249624-1;Olivia-Rose Fuentes;hombre;26;repartidor
594;11784418-8;Saqib Mill;hombre;57;ti
595;96213582-k;Priya Oneil;mujer;28;repartidor
596;75357089-6;Kaiden Ewing;mujer;27;repartidor
597;54480341-7;Keaton Mccall;hombre;50;ti
598;41325900-2;Esme-Rose Wicks;hombre;21;repartidor
599;87244280-4;Kayleigh Finley;hombre;34;repartidor
600;75397524-1;Clayton Mckenna;mujer;34;repartidor
601;72018152-5;Aimie Sears;hombre;32;repartidor
602;98152080-7;Forrest Salt;mujer;39;repartidor
603;44626695-0;Claudia Avery;hombre;29;repartidor
604;74748755-3;Yousef Rutledge;mujer;34;asistente de aseo
605;56744324-8;Alicja Magana;mujer;30;repartidor
606;58191750-3;Arthur Lara;mujer;28;repartidor
607;42814101-6;Adele Douglas;hombre;53;administracion
608;80308047-k;Musab Valencia;hombre;30;repartidor
609;82254885-7;Thierry Hurley;mujer;39;repartidor
610;29522091-0;Lillie-Rose Stokes;mujer;29;repartidor
611;41071374-8;Marlene Hawes;hombre;40;repartidor
612;76081261-7;Diego Castillo;hombre;21;repartidor
613;12885071-6;Shelbie Moreno;hombre;46;vendedor
614;67753422-2;Deanne Villarreal;mujer;40;repartidor
615;93285177-6;Kajus Garrison;mujer;34;repartidor
616;38895795-6;Alaw Ferrell;hombre;37;repartidor
617;59982206-2;Minahil Kaye;hombre;23;repartidor
618;66658505-4;Quentin Jacobs;hombre;22;repartidor
619;44290962-8;Ruby-May Espinosa;hombre;35;repartidor
620;88495383-9;Tj Moran;mujer;24;repartidor
621;97632307-6;Karina Morgan;hombre;32;repartidor
622;88151779-5;Aryaan Fox;hombre;52;vendedor
623;81783289-k;Ashlyn Rossi;mujer;32;asistente de aseo
624;58332136-5;Jasleen Parker;hombre;40;repartidor
625;28673876-1;Darryl Carlson;hombre;27;repartidor
626;28273728-0;Tye Corrigan;hombre;47;vendedor
627;97355372-0;Maksim Mcmahon;hombre;27;vendedor
628;89477804-0;Jaiden Sampson;mujer;28;repartidor
629;45624249-9;Janine Keller;hombre;21;repartidor
630;66295586-8;Emelia Roche;hombre;34;repartidor
631;20996381-7;Johanna Whelan;mujer;36;repartidor
632;57639262-1;Dominik Wynn;mujer;38;repartidor
633;99108730-3;Isobel Dudley;hombre;22;repartidor
634;70551235-3;Cora Camacho;mujer;23;repartidor
635;39043389-1;Shane Best;hombre;36;repartidor
636;92946711-6;Denis Mann;mujer;33;repartidor
637;52778909-5;Kristen Gallegos;hombre;59;administracion
638;27161682-1;Roger Woodcock;mujer;38;vendedor
639;50728559-7;Caitlan Whitehouse;mujer;34;repartidor
640;98661210-6;Emillie Frye;hombre;22;repartidor
641;22545748-4;Roberta Rankin;mujer;30;repartidor
642;36750587-7;Louie Harwood;mujer;19;repartidor
643;60727093-7;Kaleem Hill;hombre;24;repartidor
644;46930527-9;Serenity Rossi;mujer;23;repartidor
645;65485230-8;Manisha Stephens;mujer;28;repartidor
646;63953205-4;Sylvia Faulkner;mujer;21;repartidor
647;99347364-2;Jadon Slater;hombre;20;asistente de aseo
648;59129614-0;Maude Arnold;hombre;42;vendedor
649;34349789-k;Eleni Hansen;hombre;33;vendedor
650;20774234-1;Asher Valentine;mujer;25;asistente de aseo
651;89671041-9;Tevin Wright;mujer;24;ti
652;69822376-6;Lori Forrest;hombre;29;repartidor
653;59854747-5;Geraint Shaw;mujer;37;repartidor
654;53087333-1;Zunairah Mcgee;mujer;24;repartidor
655;91258242-6;Xander Simmonds;hombre;26;repartidor
656;17341224-k;Calista Cummings;mujer;53;administracion
657;42113348-4;Lilly-Grace Horn;mujer;31;repartidor
658;56930255-2;Hayden Turnbull;hombre;30;repartidor
659;48333719-1;Ella-May Hayes;mujer;21;vendedor
660;46531952-6;Ayomide Mosley;mujer;24;repartidor
661;49641463-2;Becky Strickland;hombre;30;repartidor
662;58812264-6;Leigha Chavez;hombre;36;administracion
663;66899113-0;Ellise Bautista;hombre;22;repartidor
664;83469143-4;Milly Rudd;mujer;35;repartidor
665;52158784-9;Irfan Britton;hombre;20;repartidor
666;26240285-1;Fenella Schaefer;hombre;33;asistente de aseo
667;25609460-6;Yasmin Barr;mujer;22;repartidor
668;29381516-k;Marlon Lott;hombre;39;asistente de aseo
669;73290473-5;Dawson Rayner;mujer;39;repartidor
670;75020925-4;Tasmin Crossley;hombre;22;repartidor
671;92386054-1;Izaak Mathis;hombre;38;repartidor
672;38629675-8;Korban Robbins;mujer;30;repartidor
673;37797879-k;Homer Jacobson;mujer;22;repartidor
674;52698782-9;Freddy Simons;hombre;33;repartidor
675;60926655-4;Elissa Schmidt;mujer;53;ti
676;58378678-3;Rita Kouma;hombre;34;repartidor
677;85516291-1;Zack Sanderson;hombre;32;repartidor
678;69186141-4;Toby Day;mujer;28;repartidor
679;92244003-4;Amber-Rose Wardle;hombre;39;repartidor
680;74415365-4;Kwabena Stone;mujer;19;repartidor
681;89751595-4;Cheyanne Petersen;mujer;30;repartidor
682;35414863-3;Carolina Gomez;hombre;28;repartidor
683;81881771-1;Piotr Glenn;mujer;31;repartidor
684;88413708-k;Dulcie Shelton;hombre;43;vendedor
685;84891139-9;Akeem Hensley;mujer;33;vendedor
686;79348268-k;Huw Lewis;hombre;37;repartidor
687;60020954-k;Atticus Hussain;mujer;26;repartidor
688;14156767-5;Edna Harper;mujer;29;administracion
689;91957637-5;Keagan Hope;hombre;33;repartidor
690;76362168-5;Tudor Proctor;mujer;36;repartidor
691;10537138-1;Winston Castro;mujer;27;repartidor
692;29557986-2;Pierce Mora;mujer;26;repartidor
693;53331281-0;Jonah Murphy;hombre;21;repartidor
694;94559048-3;Frances Hartman;mujer;27;repartidor
695;39038168-9;Reece Price;hombre;21;repartidor
696;11904025-6;Chandni Stanton;mujer;50;ti
697;25002692-7;Ferne Fritz;mujer;27;repartidor
698;78413522-5;Harlan Goodman;hombre;26;repartidor
699;96251410-3;Elle-May Iles;hombre;21;repartidor
700;13863556-2;Mohamed Mcclain;hombre;19;repartidor
701;29637564-0;Lennox Mcculloch;mujer;20;repartidor
702;87624695-3;Ajwa Daly;mujer;20;repartidor
703;29009046-6;Aleksander Patton;hombre;39;repartidor
704;88538509-5;Saffron Sawyer;hombre;24;repartidor
705;23625905-6;Brendon Denton;mujer;20;repartidor
706;70019535-k;Emile Lopez;hombre;20;repartidor
707;19386119-9;Lisa-Marie Grimes;hombre;20;repartidor
708;62034785-k;Macsen Major;hombre;38;repartidor
709;64367868-3;Ameera Edwards;mujer;28;repartidor
710;45026733-3;Vincenzo Preece;mujer;39;repartidor
711;54746197-5;Hudson Emerson;mujer;38;repartidor
712;25399600-5;Raheel Bonilla;mujer;19;repartidor
713;16943787-4;Che Partridge;mujer;39;vendedor
714;59537115-5;Miyah Rhodes;mujer;49;administracion
715;40236352-5;Ramone Guzman;mujer;27;repartidor
716;54726514-9;Prisha Spencer;hombre;35;repartidor
717;77191435-7;Maisy Bright;hombre;19;repartidor
718;70638696-3;Kit Adams;mujer;23;repartidor
719;10927357-0;Vickie Clifford;mujer;19;asistente de aseo
720;66976509-6;Ricardo Devine;mujer;21;repartidor
721;63216586-2;Payton Arroyo;hombre;24;vendedor
722;32086803-3;Hadley Acosta;mujer;26;repartidor
723;76762441-7;Belinda Chamberlain;hombre;22;repartidor
724;54676049-9;Jax Hester;hombre;24;vendedor
725;67216197-5;Glenn Curry;mujer;27;repartidor
726;84621982-k;Shahzaib Lester;mujer;22;repartidor
727;47121914-2;Tayyib Davila;mujer;47;asistente de aseo
728;23047484-2;Karol Knights;mujer;28;repartidor
729;73026642-1;Layton Hodge;mujer;20;ti
730;34414978-k;Francis Kerr;hombre;40;asistente de aseo
731;87282538-k;Nico Lim;hombre;24;repartidor
732;21016824-9;Akeem Odonnell;hombre;20;asistente de aseo
733;63196577-6;Gino Alston;hombre;21;repartidor
734;59051717-8;Aalia Ball;mujer;25;repartidor
735;59749734-2;Danyal Steele;mujer;49;vendedor
736;37204390-3;Hettie Samuels;hombre;30;repartidor
737;48592540-6;Cari Welch;mujer;28;repartidor
738;79543386-4;Howard Boone;hombre;28;repartidor
739;70433997-6;Roosevelt Charlton;mujer;33;ti
740;48553208-0;Spencer Tran;mujer;24;vendedor
741;10339840-1;Pola Finney;mujer;23;repartidor
742;69767927-8;Annaliese Mckinney;hombre;39;repartidor
743;73454838-3;Princess Guest;mujer;56;ti
744;34039148-9;Sonnie Pugh;mujer;35;repartidor
745;93591226-1;Lola-Mae Whittaker;hombre;27;repartidor
746;73842540-5;Kirandeep Riggs;mujer;25;ti
747;58648727-2;Asmaa Allman;hombre;44;vendedor
748;95656123-k;Kenzo Beech;mujer;28;administracion
749;88107942-9;Zac Mcgill;mujer;26;repartidor
750;81428035-7;Jorgie Rowland;mujer;44;ti
751;46805723-9;Harvie Bonilla;mujer;35;asistente de aseo
752;96371883-7;Samir Daugherty;mujer;33;ti
753;92390198-1;Asha Guthrie;hombre;37;repartidor
754;17611254-9;Hamaad Barajas;hombre;50;ti
755;56197957-k;Mandeep Vazquez;hombre;20;vendedor
756;78301240-5;Harvey-Lee Burch;mujer;24;repartidor
757;90730270-9;Kamran Santos;hombre;28;repartidor
758;25919808-9;Junior Bryant;mujer;27;repartidor
759;92060023-9;Stefan Allen;mujer;19;repartidor
760;91346186-k;Haidar Moreno;hombre;24;repartidor
761;56405384-8;Shayaan Watkins;hombre;28;repartidor
762;97596735-2;Abid Cross;hombre;22;repartidor
763;32153494-5;Khadija Dalby;mujer;19;repartidor
764;54546935-9;Billie Kaur;mujer;38;administracion
765;48269008-4;Mimi Harris;hombre;49;administracion
766;50942616-3;Kierran Stanton;hombre;27;ti
767;84327091-3;Isabell Goodwin;hombre;40;asistente de aseo
768;66714421-3;Tiffany Cantu;hombre;26;repartidor
769;48007583-8;Skye Gray;mujer;49;administracion
770;14585428-8;Lemar Cullen;hombre;28;ti
771;25450277-4;Maariya Enriquez;hombre;30;ti
772;60456055-1;Ayana Portillo;mujer;24;repartidor
773;90494178-6;Humayra Palacios;hombre;38;repartidor
774;95199785-4;Mea Dorsey;hombre;37;administracion
775;13947632-8;Ammaar Carty;hombre;48;asistente de aseo
776;29004298-4;Dainton Pratt;mujer;22;repartidor
777;63968995-6;Waleed Aguirre;hombre;30;repartidor
778;75269880-5;Dev Adamson;mujer;28;repartidor
779;42494071-2;Karis Downes;mujer;19;repartidor
780;11123767-0;Annabelle Mullins;hombre;25;repartidor
781;16697747-9;Faheem Bains;hombre;42;administracion
782;37285914-8;Kaeden Knapp;mujer;53;asistente de aseo
783;79725852-0;Jobe Reyes;hombre;20;repartidor
784;11118739-8;Ilayda Whitehouse;mujer;29;administracion
785;45273848-1;Nasir Jenkins;hombre;27;repartidor
786;33461512-k;Jonny Newton;mujer;50;administracion
787;27626683-7;Sabrina Gillespie;hombre;25;repartidor
788;12920124-k;Frances Corrigan;mujer;25;vendedor
789;15955355-8;Yunus Galloway;mujer;20;asistente de aseo
790;14495790-3;Robyn Hyde;hombre;26;repartidor
791;49552236-9;Rebecca Sheehan;hombre;29;repartidor
792;40161573-3;Sakina Stewart;hombre;23;repartidor
793;12969098-4;India Camacho;mujer;32;repartidor
794;41775238-2;Ella-Mai Butt;mujer;36;repartidor
795;52792841-9;Maia Glover;mujer;22;ti
796;82533150-6;Aryan Hastings;hombre;25;administracion
797;38100857-6;Hashir Hendricks;mujer;29;repartidor
798;69691126-6;Yash Wallace;mujer;19;repartidor
799;99302343-4;Harlow Woods;hombre;24;repartidor
800;35155157-7;Ariadne Hibbert;mujer;23;repartidor
801;35340502-0;Miller Fletcher;hombre;34;repartidor
802;95711978-6;Kymani Rahman;hombre;29;repartidor
803;23686910-5;Gaia Pearson;mujer;28;repartidor
804;93129166-1;Ruth Steadman;mujer;28;repartidor
805;98357275-8;Asiya Short;hombre;22;repartidor
806;77484278-0;Amba Crane;mujer;36;vendedor
807;52258791-5;Isaac Fleming;mujer;20;asistente de aseo
808;24927693-6;Haider Hines;hombre;19;ti
809;71316667-7;Luca Foley;mujer;35;repartidor
810;37780063-k;Ariyan Patel;hombre;21;repartidor
811;15795964-6;Luqman Marks;mujer;22;repartidor
812;24655915-5;Evan Haas;hombre;40;repartidor
813;36304600-2;Aiden Arnold;hombre;37;repartidor
814;12177977-3;Billy-Joe Ward;hombre;20;repartidor
815;79974368-k;Nathaniel Rivas;mujer;22;repartidor
816;42868972-0;Harry Hood;mujer;26;repartidor
817;25696685-9;Brandy Ponce;mujer;41;administracion
818;95423202-6;Siyana Ballard;hombre;23;repartidor
819;18984900-1;Musa Myers;hombre;27;vendedor
820;57181678-4;Ace Stephenson;mujer;25;repartidor
821;97163657-2;Ashlyn Finch;mujer;31;asistente de aseo
822;42714709-6;Mikayla Hume;mujer;30;vendedor
823;88667817-7;Nevaeh Gill;mujer;30;repartidor
824;50814284-6;Rahul Finley;hombre;36;asistente de aseo
